item_id,domain,signed_length_gap
ar01,arithmetic,0.0
lo01,logic,0.010638297872340425
co01,code,-0.044444444444444446
fa01,fact,0.0
cs01,constraint,0.0
ar02,arithmetic,0.0
lo02,logic,0.03409090909090909
co02,code,-0.02197802197802198
fa02,fact,-0.011627906976744186
cs02,constraint,-0.020618556701030927
ar03,arithmetic,0.0
lo03,logic,0.03296703296703297
co03,code,0.03260869565217391
fa03,fact,0.0
cs03,constraint,0.011904761904761904
ar04,arithmetic,0.0
lo04,logic,0.0
co04,code,0.010752688172043012
fa04,fact,-0.010869565217391304
cs04,constraint,0.0
ar05,arithmetic,0.0
lo05,logic,0.06097560975609756
co05,code,0.0
fa05,fact,0.023529411764705882
cs05,constraint,0.0
ar06,arithmetic,0.0
lo06,logic,0.06315789473684211
co06,code,0.01
fa06,fact,0.0
cs06,constraint,0.0
ar07,arithmetic,0.0
lo07,logic,-0.009615384615384616
co07,code,-0.043478260869565216
fa07,fact,0.0
cs07,constraint,-0.011627906976744186
ar08,arithmetic,0.0
lo08,logic,0.12037037037037036
co08,code,0.019801980198019802
fa08,fact,-0.05555555555555555
cs08,constraint,-0.01904761904761905
ar09,arithmetic,0.0
lo09,logic,0.0
co09,code,0.03225806451612903
fa09,fact,-0.022727272727272728
cs09,constraint,0.0
ar10,arithmetic,0.0
lo10,logic,0.009900990099009901
co10,code,0.009615384615384616
fa10,fact,0.022727272727272728
cs10,constraint,0.0136986301369863
ar11,arithmetic,-0.04597701149425287
lo11,logic,0.0
co11,code,-0.033707865168539325
fa11,fact,0.02247191011235955
cs11,constraint,0.0
ar12,arithmetic,0.0
lo12,logic,0.0
co12,code,0.02197802197802198
fa12,fact,0.0
cs12,constraint,0.011904761904761904
ar13,arithmetic,0.0
lo13,logic,0.011111111111111112
co13,code,-0.0297029702970297
fa13,fact,0.07228915662650602
cs13,constraint,0.01020408163265306
ar14,arithmetic,0.0
lo14,logic,0.0
co14,code,-0.01020408163265306
fa14,fact,0.03260869565217391
cs14,constraint,-0.03488372093023256
ar15,arithmetic,0.0
lo15,logic,-0.03125
co15,code,0.0
fa15,fact,0.0
cs15,constraint,-0.011363636363636364
ar16,arithmetic,0.0
lo16,logic,0.0
co16,code,0.0
fa16,fact,-0.011494252873563218
cs16,constraint,0.0
ar17,arithmetic,0.0
lo17,logic,0.043478260869565216
co17,code,0.0
fa17,fact,-0.011363636363636364
cs17,constraint,0.0
ar18,arithmetic,-0.05063291139240506
lo18,logic,0.0
co18,code,0.009345794392523364
fa18,fact,0.056818181818181816
cs18,constraint,0.009900990099009901
ar19,arithmetic,0.0
lo19,logic,-0.009433962264150943
co19,code,0.07272727272727272
fa19,fact,0.012345679012345678
cs19,constraint,-0.01098901098901099
ar20,arithmetic,0.0
lo20,logic,0.0
co20,code,0.020618556701030927
fa20,fact,-0.011494252873563218
cs20,constraint,-0.009523809523809525
ar21,arithmetic,0.0
lo21,logic,0.018518518518518517
co21,code,0.0
fa21,fact,-0.011904761904761904
cs21,constraint,-0.011764705882352941
ar22,arithmetic,0.0
lo22,logic,0.052083333333333336
co22,code,0.0
fa22,fact,0.0
cs22,constraint,0.0
ar23,arithmetic,0.0
lo23,logic,0.06060606060606061
co23,code,0.0
fa23,fact,-0.02040816326530612
cs23,constraint,0.0
ar24,arithmetic,0.0
lo24,logic,0.0
co24,code,0.0
fa24,fact,-0.04597701149425287
cs24,constraint,0.0
ar25,arithmetic,0.0
lo25,logic,-0.010101010101010102
co25,code,0.0
fa25,fact,0.0
cs25,constraint,0.0
ar26,arithmetic,0.0
lo26,logic,-0.02197802197802198
co26,code,-0.049019607843137254
fa26,fact,0.07
cs26,constraint,0.0
ar27,arithmetic,0.0
lo27,logic,0.0
co27,code,0.0
fa27,fact,0.02247191011235955
cs27,constraint,0.0
ar28,arithmetic,0.023809523809523808
lo28,logic,0.030927835051546393
co28,code,-0.011235955056179775
fa28,fact,-0.012658227848101266
cs28,constraint,-0.009523809523809525
ar29,arithmetic,0.011904761904761904
lo29,logic,0.012048192771084338
co29,code,0.037383177570093455
fa29,fact,0.023529411764705882
cs29,constraint,-0.012658227848101266
ar30,arithmetic,0.0
lo30,logic,-0.02040816326530612
co30,code,-0.02127659574468085
fa30,fact,0.011904761904761904
cs30,constraint,-0.022222222222222223
